priority_rank,settlement,district,status,population,flood_depth_m,nearest_care_time_min,has_care_within_60min,relief_staging_lat,relief_staging_lon,water_gap_km,priority_score,lat,lon
1,Joriguri,Dhemaji,isolated,450,6.0,unreachable,False,27.58391,94.77011,1.7,0.796,27.56889,94.76701
2,Phukangaon,Dhemaji,isolated,450,5.0,unreachable,False,27.54228,94.65184,4.78,0.779,27.54096,94.60333
3,Dhekiani Bam,Dhemaji,isolated,150,1.0,unreachable,False,27.57702,94.68068,1.98,0.712,27.59382,94.674
4,Bordoloni,Dhemaji,isolated,4100,0.2,unreachable,False,27.45486,94.53298,11.96,0.708,27.41113,94.42225
5,Kali Ghat,Lakhimpur,isolated,250,0.2,unreachable,False,27.11608,94.10532,6.02,0.699,27.06361,94.12026
6,Jonai,Dhemaji,critically_isolated,15420,0.0,unreachable,False,27.83581,95.22276,0.74,0.686,27.82914,95.22342
7,Gogamukh,Dhemaji,critically_isolated,12750,0.0,unreachable,False,27.22655,94.30504,23.18,0.68,27.43481,94.316
7,Dhakuakhana,Lakhimpur,critically_isolated,12800,0.0,unreachable,False,27.19641,94.44843,0.92,0.68,27.20335,94.4434
9,Kamalabari,Majuli,critically_isolated,12200,0.0,unreachable,False,26.97568,94.14474,3.85,0.679,26.94656,94.16577
10,Bihpuria,Lakhimpur,critically_isolated,10500,0.0,unreachable,False,27.01926,93.91495,0.18,0.675,27.01926,93.9168
11,Garamur,Majuli,critically_isolated,8500,0.0,unreachable,False,26.97898,94.14663,1.08,0.67,26.98031,94.15745
12,Auniati,Majuli,isolated,4500,0.0,unreachable,False,26.9748,94.13136,4.33,0.63,26.93649,94.12381
13,Dimow,Dhemaji,isolated,3200,0.0,unreachable,False,27.6197,94.77235,6.94,0.627,27.6718,94.81119
13,Dakhinpat,Majuli,isolated,3200,0.0,unreachable,False,26.95793,94.27709,5.0,0.627,26.91296,94.27601
15,Kadam,Lakhimpur,isolated,2200,0.0,unreachable,False,27.27201,94.12918,5.81,0.625,27.31722,94.15858
16,Deodia,Majuli,isolated,520,0.0,unreachable,False,26.97568,94.14474,3.11,0.621,26.95662,94.16769
16,Telam Bédum,Dhemaji,isolated,450,0.0,unreachable,False,27.75122,95.05138,4.8,0.621,27.76266,95.00435
16,Kuli Tiniali,Dhemaji,isolated,450,0.0,unreachable,False,27.83655,95.2041,4.15,0.621,27.79972,95.21082
16,Junkareng,Dhemaji,isolated,450,0.0,unreachable,False,27.83655,95.2041,7.15,0.621,27.78141,95.16678
16,Gali,Dhemaji,isolated,450,0.0,unreachable,False,27.74566,95.08823,3.48,0.621,27.75475,95.12203
16,Sikari,Dhemaji,isolated,450,0.0,unreachable,False,27.74566,95.08823,0.84,0.621,27.74917,95.09574
16,Mathuri Pathar,Dhemaji,isolated,450,0.0,unreachable,False,27.60313,94.73228,4.56,0.621,27.63906,94.70987
16,Ghagara Adi,Dhemaji,isolated,450,0.0,unreachable,False,27.62068,94.75322,5.19,0.621,27.65051,94.71269
16,Kendugurigaon,Dhemaji,isolated,450,0.0,unreachable,False,27.575,94.69597,0.91,0.621,27.58274,94.69283
16,Huliagaon,Dhemaji,isolated,450,0.0,unreachable,False,27.50814,94.52616,8.12,0.621,27.58093,94.51992
16,Borhati,Dhemaji,isolated,450,0.0,unreachable,False,27.75122,95.05138,2.66,0.621,27.7451,95.02525
16,Pahumara,Lakhimpur,isolated,750,0.0,unreachable,False,27.19985,94.052,0.21,0.621,27.20134,94.05324
16,Burisuti,Dhemaji,isolated,450,0.0,unreachable,False,27.69298,95.04256,0.79,0.621,27.68655,95.03915
16,Kakarikata,Majuli,isolated,520,0.0,unreachable,False,26.9748,94.13136,4.79,0.621,26.93272,94.12127
16,Kaibatra,Majuli,isolated,520,0.0,unreachable,False,26.97898,94.14663,0.75,0.621,26.98055,94.15403
16,Majarbari Ghat,Dhemaji,isolated,450,0.0,unreachable,False,27.59318,94.78831,11.83,0.621,27.59468,94.90836
16,Naryanpur,Lakhimpur,isolated,750,0.0,unreachable,False,26.9662,93.86528,1.82,0.621,26.95205,93.85611
16,Bormuria Chapori,Dhemaji,isolated,450,0.0,unreachable,False,27.54608,94.7369,0.4,0.621,27.54453,94.74054
16,Borodondi,Dhemaji,isolated,450,0.0,unreachable,False,27.75122,95.05138,1.45,0.621,27.74724,95.03736
16,Lakhipur Bédum,Dhemaji,isolated,450,0.0,unreachable,False,27.75122,95.05138,2.82,0.621,27.7645,95.02701
16,Seren,Dhemaji,isolated,450,0.0,unreachable,False,27.75122,95.05138,14.5,0.621,27.74939,94.904
16,Bilmukh,Lakhimpur,isolated,750,0.0,unreachable,False,27.22405,94.31482,8.82,0.621,27.30116,94.33574
16,Barati Gaon,Dhemaji,isolated,450,0.0,unreachable,False,27.5814,94.70351,2.07,0.621,27.59689,94.69186
16,Dijmur,Dhemaji,isolated,450,0.0,unreachable,False,27.59318,94.78831,10.91,0.621,27.62283,94.89385
16,Nargargaon,Lakhimpur,isolated,750,0.0,unreachable,False,26.97898,94.14663,4.07,0.621,27.01162,94.16528
16,Jangraimukh,Lakhimpur,isolated,750,0.0,unreachable,False,26.96398,94.27703,14.27,0.621,27.09214,94.28462
16,Majorbari,Dhemaji,isolated,450,0.0,unreachable,False,27.59318,94.78831,5.96,0.621,27.5946,94.84878
16,Archipathar,Dhemaji,isolated,450,0.0,unreachable,False,27.6197,94.77235,4.49,0.621,27.65874,94.7842
16,Jalakia Suti,Dhemaji,isolated,450,0.0,unreachable,False,27.6197,94.77235,0.95,0.621,27.6282,94.77228
16,Amguri Bali,Dhemaji,isolated,450,0.0,unreachable,False,27.48673,94.71043,4.17,0.621,27.45495,94.7329
16,Birinabari,Majuli,isolated,520,0.0,unreachable,False,26.97942,94.12119,8.71,0.621,26.92454,94.05852
47,Kailashpur,Dhemaji,isolated,150,0.0,unreachable,False,27.57702,94.68068,3.68,0.62,27.6101,94.68127
47,Durpai,Dhemaji,isolated,150,0.0,unreachable,False,27.50814,94.52616,22.79,0.62,27.55291,94.30061
49,Malani,Dhemaji,isolated,150,0.0,unreachable,False,27.62068,94.75322,4.96,0.56,27.65603,94.72258
50,North Lakhimpur,Lakhimpur,accessible,105376,0.0,0.8,True,,,,0.25,27.23621,94.10388
51,Dhemaji,Dhemaji,partially_accessible,25340,0.0,10.4,True,,,,0.12,27.47638,94.56296
52,Naobaicha,Lakhimpur,partially_accessible,750,0.0,47.0,True,,,,0.061,27.16912,94.02123
53,Silapathar,Dhemaji,accessible,22985,0.0,4.3,True,,,,0.054,27.58938,94.72559
54,Niz Lakuk,Lakhimpur,accessible,15000,0.0,1.0,True,,,,0.035,27.12068,93.93142
55,Sisi Bargaon,Dhemaji,accessible,5000,0.0,16.0,True,,,,0.012,27.53041,94.67971
56,Kulajan,Dhemaji,accessible,1800,0.0,10.7,True,,,,0.004,27.52475,94.72874
56,Panigaon,Lakhimpur,accessible,1900,0.0,7.0,True,,,,0.004,27.14063,94.1113
58,Majulipur,Dhemaji,accessible,450,0.0,2.5,True,,,,0.001,27.75593,95.06492
58,Rakut-Koke:,Dhemaji,accessible,450,0.0,2.6,True,,,,0.001,27.74725,95.06604
58,Tako-Gítung,Dhemaji,accessible,450,0.0,2.4,True,,,,0.001,27.74603,95.08117
58,Boikunthapur,Dhemaji,accessible,700,0.0,0.0,True,,,,0.001,27.75014,95.05362
58,Laimekuri,Dhemaji,accessible,450,0.0,2.2,True,,,,0.001,27.74539,95.07872
58,Dejoo,Lakhimpur,accessible,750,0.0,4.0,True,,,,0.001,27.27278,94.02407
58,Rest-Camp,Dhemaji,accessible,450,0.0,0.3,True,,,,0.001,27.75319,95.05048
58,Harmutigaon,Lakhimpur,accessible,750,0.0,7.7,True,,,,0.001,27.12557,93.85639
58,No. 1 Tangani Majgaon,Dhemaji,accessible,450,0.0,16.4,True,,,,0.001,27.52774,94.75327
58,Akajan Miri,Dhemaji,accessible,450,0.0,7.1,True,,,,0.001,27.55601,94.73649
58,No. 2 Tangani Majgaon,Dhemaji,accessible,450,0.0,16.3,True,,,,0.001,27.51692,94.74326
58,Koroibari,Dhemaji,accessible,450,0.0,3.4,True,,,,0.001,27.7398,95.05075
58,Ramdhon,Dhemaji,accessible,450,0.0,0.0,True,,,,0.001,27.72906,95.0595
58,Dikhari,Dhemaji,accessible,450,0.0,0.0,True,,,,0.001,27.72561,95.05606
58,Muktiar,Dhemaji,accessible,450,0.0,3.4,True,,,,0.001,27.73225,95.05497
58,Mishingpur,Dhemaji,accessible,450,0.0,10.4,True,,,,0.001,27.56965,94.74728
58,Silabaligaon,Dhemaji,accessible,450,0.0,12.0,True,,,,0.001,27.59745,94.76574
75,Bhebeli Gaon,Dhemaji,accessible,150,0.0,27.0,True,,,,0.0,27.54673,94.65659
75,Memberchuk,Dhemaji,accessible,150,0.0,9.1,True,,,,0.0,27.56658,94.74375
75,No. 2 Chila Pathar,Dhemaji,accessible,150,0.0,10.6,True,,,,0.0,27.60073,94.75983
75,Thekeraguri,Dhemaji,accessible,150,0.0,9.4,True,,,,0.0,27.59993,94.75668
75,No. 1 Chila Pathar,Dhemaji,accessible,150,0.0,9.1,True,,,,0.0,27.59573,94.75494
75,Bharaibpur,Dhemaji,accessible,150,0.0,11.8,True,,,,0.0,27.6002,94.76349
